state,city_or_county,IncYear,n_killed,n_injured,n_totVictim,Code,povRate_19,povRate_minor_19,poveRate_15_19,povRate_minor_15_19,median_income_15_19,median_income_19,deepPov,deepPov_minor,noHighSch_15_19,highSch_15_19,bachelor_15_19,UnempRate2020,UnempRate2019,UnempRate2018,UnempRate2017,PopChangeRate1019,Population 2020,LFPVetsRate
Alabama,Mobile,2019,2,10,12,AL,17.7,26.4,18.78060851,28.56358399,47583,49492,9.050148103,14.91846081,13.5,34,23.2,7.9,3.7,4.7,5.4,-0.025,"414,809",71.79199895
Alabama,Mobile,2021,1,12,13,AL,17.7,26.4,18.78060851,28.56358399,47583,49492,9.050148103,14.91846081,13.5,34,23.2,7.9,3.7,4.7,5.4,-0.025,"414,809",71.79199895
Alabama,Montgomery,2019,4,5,9,AL,15.8,23.3,19.35260295,30.55033196,50124,52711,9.256346069,15.5793069,13.3,25,33.4,7.8,3.1,4,4.5,-1.315,"228,954",70.39379132
Alabama,Montgomery,2020,0,8,8,AL,15.8,23.3,19.35260295,30.55033196,50124,52711,9.256346069,15.5793069,13.3,25,33.4,7.8,3.1,4,4.5,-1.315,"228,954",70.39379132
Alabama,Montgomery,2021,6,26,32,AL,15.8,23.3,19.35260295,30.55033196,50124,52711,9.256346069,15.5793069,13.3,25,33.4,7.8,3.1,4,4.5,-1.315,"228,954",70.39379132
Alabama,Montgomery,2022,1,6,7,AL,15.8,23.3,19.35260295,30.55033196,50124,52711,9.256346069,15.5793069,13.3,25,33.4,7.8,3.1,4,4.5,-1.315,"228,954",70.39379132
Alabama,Tuscaloosa,2021,0,5,5,AL,16.2,19.7,17.65790945,21.17303423,53326,52307,8.920168708,9.026755462,11.7,29.9,30.7,6.6,2.7,3.6,4.3,7.364,"227,036",67.8590592
Arizona,Yuma,2019,1,3,4,AZ,20.4,29.7,19.43359567,28.46801539,45243,47024,8.413145448,12.7290738,26.7,25.7,15,17.1,16.8,17,17.2,8.451,"203,881",77.22485519
California,Fresno,2019,5,9,14,CA,20.5,29,22.54687753,32.22530309,53969,56926,9.922923633,14.54953101,24,22.7,21.2,11.3,7.4,7.6,8.6,7.195,"1,008,654",74.44551047
California,Fresno,2020,0,4,4,CA,20.5,29,22.54687753,32.22530309,53969,56926,9.922923633,14.54953101,24,22.7,21.2,11.3,7.4,7.6,8.6,7.195,"1,008,654",74.44551047
California,Fresno,2021,2,6,8,CA,20.5,29,22.54687753,32.22530309,53969,56926,9.922923633,14.54953101,24,22.7,21.2,11.3,7.4,7.6,8.6,7.195,"1,008,654",74.44551047
California,Fresno,2022,2,6,8,CA,20.5,29,22.54687753,32.22530309,53969,56926,9.922923633,14.54953101,24,22.7,21.2,11.3,7.4,7.6,8.6,7.195,"1,008,654",74.44551047
California,Los Angeles,2018,0,5,5,CA,13.4,18.3,14.91066419,20.78971466,68044,72721,6.262234014,8.059961174,20.9,20.6,32.5,12.8,4.6,4.7,4.8,2.197,"10,014,009",75.26810357
California,Los Angeles,2019,1,32,33,CA,13.4,18.3,14.91066419,20.78971466,68044,72721,6.262234014,8.059961174,20.9,20.6,32.5,12.8,4.6,4.7,4.8,2.197,"10,014,009",75.26810357
California,Los Angeles,2020,1,12,13,CA,13.4,18.3,14.91066419,20.78971466,68044,72721,6.262234014,8.059961174,20.9,20.6,32.5,12.8,4.6,4.7,4.8,2.197,"10,014,009",75.26810357
California,Los Angeles,2021,1,25,26,CA,13.4,18.3,14.91066419,20.78971466,68044,72721,6.262234014,8.059961174,20.9,20.6,32.5,12.8,4.6,4.7,4.8,2.197,"10,014,009",75.26810357
California,Los Angeles,2022,2,4,6,CA,13.4,18.3,14.91066419,20.78971466,68044,72721,6.262234014,8.059961174,20.9,20.6,32.5,12.8,4.6,4.7,4.8,2.197,"10,014,009",75.26810357
California,Merced,2020,0,4,4,CA,17,22.5,21.19660504,29.80245232,53672,59733,9.693948729,13.26445655,30.9,25.3,13.8,12.2,8.2,8.5,9.4,8.164,"281,202",68.43078345
California,Orange,2021,4,2,6,CA,9.5,12.6,10.86162013,14.19951457,90234,95761,5.023876221,5.46976168,14.5,17.2,40.6,8.8,2.8,3,3.5,5.324,"3,186,989",82.41268433
California,Riverside,2018,0,7,7,CA,11.3,14.1,13.7034241,18.22194711,67005,72905,6.006641092,7.506756992,18,26.9,22.3,9.9,4.2,4.5,5.3,12.217,"2,418,185",76.24448949
California,Riverside,2020,2,3,5,CA,11.3,14.1,13.7034241,18.22194711,67005,72905,6.006641092,7.506756992,18,26.9,22.3,9.9,4.2,4.5,5.3,12.217,"2,418,185",76.24448949
California,Riverside,2021,0,6,6,CA,11.3,14.1,13.7034241,18.22194711,67005,72905,6.006641092,7.506756992,18,26.9,22.3,9.9,4.2,4.5,5.3,12.217,"2,418,185",76.24448949
California,Sacramento,2019,1,3,4,CA,12.6,16,14.67174974,19.80386892,67151,71891,6.45731683,8.385358977,12.3,22.4,30.9,9.3,3.7,3.9,4.7,9.194,"1,585,055",73.76905645
California,Sacramento,2020,4,18,22,CA,12.6,16,14.67174974,19.80386892,67151,71891,6.45731683,8.385358977,12.3,22.4,30.9,9.3,3.7,3.9,4.7,9.194,"1,585,055",73.76905645
California,Sacramento,2021,4,9,13,CA,12.6,16,14.67174974,19.80386892,67151,71891,6.45731683,8.385358977,12.3,22.4,30.9,9.3,3.7,3.9,4.7,9.194,"1,585,055",73.76905645
California,Sacramento,2022,12,15,27,CA,12.6,16,14.67174974,19.80386892,67151,71891,6.45731683,8.385358977,12.3,22.4,30.9,9.3,3.7,3.9,4.7,9.194,"1,585,055",73.76905645
California,San Bernardino,2018,0,8,8,CA,13.3,18.5,15.953139,22.87589378,63362,67398,7.013034584,10.31272639,20,26.3,21,9.4,3.9,4.1,5,6.823,"2,181,654",72.38807458
California,San Bernardino,2020,2,6,8,CA,13.3,18.5,15.953139,22.87589378,63362,67398,7.013034584,10.31272639,20,26.3,21,9.4,3.9,4.1,5,6.823,"2,181,654",72.38807458
California,San Bernardino,2022,1,4,5,CA,13.3,18.5,15.953139,22.87589378,63362,67398,7.013034584,10.31272639,20,26.3,21,9.4,3.9,4.1,5,6.823,"2,181,654",72.38807458
California,San Diego,2019,6,4,10,CA,10.3,12.8,11.58786818,14.66682753,78980,83576,5.438324462,6.184913279,12.6,18.2,38.8,9.2,3.3,3.4,4,7.577,"3,298,634",80.00663232
California,San Diego,2021,2,11,13,CA,10.3,12.8,11.58786818,14.66682753,78980,83576,5.438324462,6.184913279,12.6,18.2,38.8,9.2,3.3,3.4,4,7.577,"3,298,634",80.00663232
California,San Francisco,2018,1,4,5,CA,9.5,9.3,10.33599231,9.963959593,112449,121795,4.918158399,4.140315007,11.5,12.1,58.1,7.8,2.2,2.4,2.9,9.441,"873,965",74.16690134
California,San Francisco,2019,1,9,10,CA,9.5,9.3,10.33599231,9.963959593,112449,121795,4.918158399,4.140315007,11.5,12.1,58.1,7.8,2.2,2.4,2.9,9.441,"873,965",74.16690134
California,San Francisco,2020,1,8,9,CA,9.5,9.3,10.33599231,9.963959593,112449,121795,4.918158399,4.140315007,11.5,12.1,58.1,7.8,2.2,2.4,2.9,9.441,"873,965",74.16690134
California,San Francisco,2021,0,6,6,CA,9.5,9.3,10.33599231,9.963959593,112449,121795,4.918158399,4.140315007,11.5,12.1,58.1,7.8,2.2,2.4,2.9,9.441,"873,965",74.16690134
California,San Francisco,2022,2,2,4,CA,9.5,9.3,10.33599231,9.963959593,112449,121795,4.918158399,4.140315007,11.5,12.1,58.1,7.8,2.2,2.4,2.9,9.441,"873,965",74.16690134
California,Santa Barbara,2021,2,2,4,CA,12,13.1,13.54093146,15.60329861,74624,74530,6.524848724,5.251736111,19.1,17.8,34.2,8,3.7,4,4.6,5.249,"448,229",77.93853628
California,Tulare,2020,1,5,6,CA,18.9,25.8,23.78678872,31.65034499,49687,56776,9.161833112,12.47633298,29.2,25.5,14.6,13.2,9.9,9.8,10.5,5.243,"473,117",69.10994764
Colorado,Boulder,2021,10,1,11,CO,10.7,8.1,11.69880045,8.49261371,83019,88341,6.657356878,4.297330569,5,11.7,62.1,6.2,2.3,2.6,2.2,10.561,"330,758",79.18488445
Colorado,Denver,2018,1,4,5,CO,12.1,15.6,12.86170527,18.20298659,68592,75456,6.31153982,9.109447879,12,16.8,49.4,8.2,2.6,2.9,2.6,20.527,"715,522",76.79871176
Colorado,Denver,2019,1,8,9,CO,12.1,15.6,12.86170527,18.20298659,68592,75456,6.31153982,9.109447879,12,16.8,49.4,8.2,2.6,2.9,2.6,20.527,"715,522",76.79871176
Colorado,Denver,2020,5,24,29,CO,12.1,15.6,12.86170527,18.20298659,68592,75456,6.31153982,9.109447879,12,16.8,49.4,8.2,2.6,2.9,2.6,20.527,"715,522",76.79871176
Colorado,Denver,2021,8,10,18,CO,12.1,15.6,12.86170527,18.20298659,68592,75456,6.31153982,9.109447879,12,16.8,49.4,8.2,2.6,2.9,2.6,20.527,"715,522",76.79871176
Colorado,Denver,2022,2,2,4,CO,12.1,15.6,12.86170527,18.20298659,68592,75456,6.31153982,9.109447879,12,16.8,49.4,8.2,2.6,2.9,2.6,20.527,"715,522",76.79871176
Colorado,Pueblo,2020,0,6,6,CO,17.8,24.1,18.89499691,26.56317611,46783,51075,7.872143298,10.36077456,10.3,29.1,21.8,8.2,3.9,4.5,4,5.668,"168,162",64.12056152
Connecticut,Hartford,2019,1,7,8,CT,10.8,14,10.80053434,14.54821841,75148,75336,4.988734155,6.864104225,10.3,26.6,38.1,8.1,3.7,4,4.5,-0.393,"899,498",78.18955803
Connecticut,Hartford,2020,2,10,12,CT,10.8,14,10.80053434,14.54821841,75148,75336,4.988734155,6.864104225,10.3,26.6,38.1,8.1,3.7,4,4.5,-0.393,"899,498",78.18955803
Connecticut,Hartford,2021,0,4,4,CT,10.8,14,10.80053434,14.54821841,75148,75336,4.988734155,6.864104225,10.3,26.6,38.1,8.1,3.7,4,4.5,-0.393,"899,498",78.18955803
Connecticut,Hartford,2022,1,3,4,CT,10.8,14,10.80053434,14.54821841,75148,75336,4.988734155,6.864104225,10.3,26.6,38.1,8.1,3.7,4,4.5,-0.393,"899,498",78.18955803
Connecticut,New Haven,2020,1,5,6,CT,12,18.5,11.73709711,17.25864234,69905,69687,5.579250942,8.21319227,9.9,30.7,35,8,3.8,4.2,4.7,-0.996,"864,835",79.11638642
Florida,Madison,2020,0,4,4,FL,22.7,32.6,27.80817707,44.4410507,37037,37919,9.794036274,10.96518021,19,39.7,14,6,4,4,4.5,-3.922,"17,968",48.78892734
Georgia,Macon,2019,2,4,6,GA,29.4,41,25.45987737,42.08661417,32161,34634,10.37056785,17.04724409,26.4,34.8,8.8,6.7,4.7,6.3,7,-11.594,"12,082",71.64179104
Georgia,Macon,2020,4,6,10,GA,29.4,41,25.45987737,42.08661417,32161,34634,10.37056785,17.04724409,26.4,34.8,8.8,6.7,4.7,6.3,7,-11.594,"12,082",71.64179104
Georgia,Macon,2021,2,3,5,GA,29.4,41,25.45987737,42.08661417,32161,34634,10.37056785,17.04724409,26.4,34.8,8.8,6.7,4.7,6.3,7,-11.594,"12,082",71.64179104
Idaho,Boise,2021,3,3,6,ID,11.6,17,10.72937969,13.45365053,59646,64443,4.785276074,5.742411813,5.7,30.6,27.1,8,4.1,4.1,4.7,11.792,"7,610",69.38202247
Illinois,Champaign,2020,0,4,4,IL,19.9,18.8,20.0099898,15.79632765,52797,53485,12.92134831,6.336762599,5,22,45,6.4,3.6,4.3,4.3,4.04,"205,865",77.02767176
Illinois,Champaign,2021,1,4,5,IL,19.9,18.8,20.0099898,15.79632765,52797,53485,12.92134831,6.336762599,5,22,45,6.4,3.6,4.3,4.3,4.04,"205,865",77.02767176
Illinois,Kankakee,2021,0,5,5,IL,12.7,18.3,14.17289442,20.33891531,58902,60763,6.48754606,10.09551976,11.8,34.4,20.8,8.8,4.8,5.4,5.5,-3.135,"107,502",76.40660165
Illinois,Peoria,2020,0,17,17,IL,14.8,21.9,15.63539363,20.32632614,55842,57717,7.624385879,9.256051313,9.1,27.6,30.6,10.4,4.9,5.5,5.9,-3.782,"181,830",73.09099223
Illinois,Peoria,2021,1,3,4,IL,14.8,21.9,15.63539363,20.32632614,55842,57717,7.624385879,9.256051313,9.1,27.6,30.6,10.4,4.9,5.5,5.9,-3.782,"181,830",73.09099223
Illinois,Peoria,2022,2,2,4,IL,14.8,21.9,15.63539363,20.32632614,55842,57717,7.624385879,9.256051313,9.1,27.6,30.6,10.4,4.9,5.5,5.9,-3.782,"181,830",73.09099223
Illinois,Rock Island,2020,2,9,11,IL,13.6,21.2,13.96201146,22.39186552,54858,57772,6.820800092,10.95825726,11.4,29.5,23.5,9.4,4.8,5.2,5.1,-3.883,"144,672",75.50773694
Iowa,Des Moines,2019,0,6,6,IA,14.9,21.2,16.11430942,24.91345488,51267,53547,8.127171827,14.59727671,8,33.5,20.1,7.5,4,3.4,4.2,-3.166,"38,910",75.04201681
Iowa,Des Moines,2021,0,4,4,IA,14.9,21.2,16.11430942,24.91345488,51267,53547,8.127171827,14.59727671,8,33.5,20.1,7.5,4,3.4,4.2,-3.166,"38,910",75.04201681
Iowa,Des Moines,2022,0,4,4,IA,14.9,21.2,16.11430942,24.91345488,51267,53547,8.127171827,14.59727671,8,33.5,20.1,7.5,4,3.4,4.2,-3.166,"38,910",75.04201681
Kansas,Wichita,2019,1,7,8,KS,11,16.2,3.285714286,2.803738318,57978,54009,1.095238095,2.803738318,13.4,27.5,20.6,2.1,2,2,2.4,-5.36,"2,152",100
Kansas,Wichita,2020,0,5,5,KS,11,16.2,3.285714286,2.803738318,57978,54009,1.095238095,2.803738318,13.4,27.5,20.6,2.1,2,2,2.4,-5.36,"2,152",100
Kansas,Wichita,2021,2,8,10,KS,11,16.2,3.285714286,2.803738318,57978,54009,1.095238095,2.803738318,13.4,27.5,20.6,2.1,2,2,2.4,-5.36,"2,152",100
Maryland,Baltimore,2018,0,9,9,MD,8.9,11,9.046871962,11.37752837,76866,76972,4.399795439,5.196749115,8.5,25.8,39.4,6.8,3.6,3.9,4.3,2.568,"854,535",81.30802128
Maryland,Baltimore,2018,0,9,9,MD,8.9,11,9.046871962,11.37752837,76866,76972,4.399795439,5.196749115,8.5,25.8,39.4,6.8,3.6,3.9,4.3,2.568,"854,535",66.93290735
Maryland,Baltimore,2018,0,9,9,MD,8.9,11,9.046871962,11.37752837,76866,76972,4.399795439,5.196749115,8.5,25.8,39.4,6.8,3.6,3.9,4.3,-4.417,"854,535",81.30802128
Maryland,Baltimore,2018,0,9,9,MD,8.9,11,9.046871962,11.37752837,76866,76972,4.399795439,5.196749115,8.5,25.8,39.4,6.8,3.6,3.9,4.3,-4.417,"854,535",66.93290735
Maryland,Baltimore,2018,0,9,9,MD,8.9,11,9.046871962,11.37752837,76866,76972,4.399795439,5.196749115,8.5,25.8,39.4,8.8,5,5.6,6.1,2.568,"854,535",81.30802128
Maryland,Baltimore,2018,0,9,9,MD,8.9,11,9.046871962,11.37752837,76866,76972,4.399795439,5.196749115,8.5,25.8,39.4,8.8,5,5.6,6.1,2.568,"854,535",66.93290735
Maryland,Baltimore,2018,0,9,9,MD,8.9,11,9.046871962,11.37752837,76866,76972,4.399795439,5.196749115,8.5,25.8,39.4,8.8,5,5.6,6.1,-4.417,"854,535",81.30802128
Maryland,Baltimore,2018,0,9,9,MD,8.9,11,9.046871962,11.37752837,76866,76972,4.399795439,5.196749115,8.5,25.8,39.4,8.8,5,5.6,6.1,-4.417,"854,535",66.93290735
Maryland,Baltimore,2018,0,9,9,MD,20.4,30.6,21.20510343,31.03015685,50379,49780,10.7356417,16.81612898,8.5,25.8,39.4,6.8,3.6,3.9,4.3,2.568,"854,535",81.30802128
Maryland,Baltimore,2018,0,9,9,MD,20.4,30.6,21.20510343,31.03015685,50379,49780,10.7356417,16.81612898,8.5,25.8,39.4,6.8,3.6,3.9,4.3,2.568,"854,535",66.93290735
Maryland,Baltimore,2018,0,9,9,MD,20.4,30.6,21.20510343,31.03015685,50379,49780,10.7356417,16.81612898,8.5,25.8,39.4,6.8,3.6,3.9,4.3,-4.417,"854,535",81.30802128
Maryland,Baltimore,2018,0,9,9,MD,20.4,30.6,21.20510343,31.03015685,50379,49780,10.7356417,16.81612898,8.5,25.8,39.4,6.8,3.6,3.9,4.3,-4.417,"854,535",66.93290735
Maryland,Baltimore,2018,0,9,9,MD,20.4,30.6,21.20510343,31.03015685,50379,49780,10.7356417,16.81612898,8.5,25.8,39.4,8.8,5,5.6,6.1,2.568,"854,535",81.30802128
Maryland,Baltimore,2018,0,9,9,MD,20.4,30.6,21.20510343,31.03015685,50379,49780,10.7356417,16.81612898,8.5,25.8,39.4,8.8,5,5.6,6.1,2.568,"854,535",66.93290735
Maryland,Baltimore,2018,0,9,9,MD,20.4,30.6,21.20510343,31.03015685,50379,49780,10.7356417,16.81612898,8.5,25.8,39.4,8.8,5,5.6,6.1,-4.417,"854,535",81.30802128
Maryland,Baltimore,2018,0,9,9,MD,20.4,30.6,21.20510343,31.03015685,50379,49780,10.7356417,16.81612898,8.5,25.8,39.4,8.8,5,5.6,6.1,-4.417,"854,535",66.93290735
Maryland,Baltimore,2019,11,71,82,MD,8.9,11,9.046871962,11.37752837,76866,76972,4.399795439,5.196749115,8.5,25.8,39.4,6.8,3.6,3.9,4.3,2.568,"854,535",81.30802128
Maryland,Baltimore,2019,11,71,82,MD,8.9,11,9.046871962,11.37752837,76866,76972,4.399795439,5.196749115,8.5,25.8,39.4,6.8,3.6,3.9,4.3,2.568,"854,535",66.93290735
Maryland,Baltimore,2019,11,71,82,MD,8.9,11,9.046871962,11.37752837,76866,76972,4.399795439,5.196749115,8.5,25.8,39.4,6.8,3.6,3.9,4.3,-4.417,"854,535",81.30802128
Maryland,Baltimore,2019,11,71,82,MD,8.9,11,9.046871962,11.37752837,76866,76972,4.399795439,5.196749115,8.5,25.8,39.4,6.8,3.6,3.9,4.3,-4.417,"854,535",66.93290735
Maryland,Baltimore,2019,11,71,82,MD,8.9,11,9.046871962,11.37752837,76866,76972,4.399795439,5.196749115,8.5,25.8,39.4,8.8,5,5.6,6.1,2.568,"854,535",81.30802128
Maryland,Baltimore,2019,11,71,82,MD,8.9,11,9.046871962,11.37752837,76866,76972,4.399795439,5.196749115,8.5,25.8,39.4,8.8,5,5.6,6.1,2.568,"854,535",66.93290735
Maryland,Baltimore,2019,11,71,82,MD,8.9,11,9.046871962,11.37752837,76866,76972,4.399795439,5.196749115,8.5,25.8,39.4,8.8,5,5.6,6.1,-4.417,"854,535",81.30802128
Maryland,Baltimore,2019,11,71,82,MD,8.9,11,9.046871962,11.37752837,76866,76972,4.399795439,5.196749115,8.5,25.8,39.4,8.8,5,5.6,6.1,-4.417,"854,535",66.93290735
Maryland,Baltimore,2019,11,71,82,MD,20.4,30.6,21.20510343,31.03015685,50379,49780,10.7356417,16.81612898,8.5,25.8,39.4,6.8,3.6,3.9,4.3,2.568,"854,535",81.30802128
Maryland,Baltimore,2019,11,71,82,MD,20.4,30.6,21.20510343,31.03015685,50379,49780,10.7356417,16.81612898,8.5,25.8,39.4,6.8,3.6,3.9,4.3,2.568,"854,535",66.93290735
Maryland,Baltimore,2019,11,71,82,MD,20.4,30.6,21.20510343,31.03015685,50379,49780,10.7356417,16.81612898,8.5,25.8,39.4,6.8,3.6,3.9,4.3,-4.417,"854,535",81.30802128
Maryland,Baltimore,2019,11,71,82,MD,20.4,30.6,21.20510343,31.03015685,50379,49780,10.7356417,16.81612898,8.5,25.8,39.4,6.8,3.6,3.9,4.3,-4.417,"854,535",66.93290735
Maryland,Baltimore,2019,11,71,82,MD,20.4,30.6,21.20510343,31.03015685,50379,49780,10.7356417,16.81612898,8.5,25.8,39.4,8.8,5,5.6,6.1,2.568,"854,535",81.30802128
Maryland,Baltimore,2019,11,71,82,MD,20.4,30.6,21.20510343,31.03015685,50379,49780,10.7356417,16.81612898,8.5,25.8,39.4,8.8,5,5.6,6.1,2.568,"854,535",66.93290735
Maryland,Baltimore,2019,11,71,82,MD,20.4,30.6,21.20510343,31.03015685,50379,49780,10.7356417,16.81612898,8.5,25.8,39.4,8.8,5,5.6,6.1,-4.417,"854,535",81.30802128
Maryland,Baltimore,2019,11,71,82,MD,20.4,30.6,21.20510343,31.03015685,50379,49780,10.7356417,16.81612898,8.5,25.8,39.4,8.8,5,5.6,6.1,-4.417,"854,535",66.93290735
Maryland,Baltimore,2020,2,46,48,MD,8.9,11,9.046871962,11.37752837,76866,76972,4.399795439,5.196749115,8.5,25.8,39.4,6.8,3.6,3.9,4.3,2.568,"854,535",81.30802128
Maryland,Baltimore,2020,2,46,48,MD,8.9,11,9.046871962,11.37752837,76866,76972,4.399795439,5.196749115,8.5,25.8,39.4,6.8,3.6,3.9,4.3,2.568,"854,535",66.93290735
Maryland,Baltimore,2020,2,46,48,MD,8.9,11,9.046871962,11.37752837,76866,76972,4.399795439,5.196749115,8.5,25.8,39.4,6.8,3.6,3.9,4.3,-4.417,"854,535",81.30802128
Maryland,Baltimore,2020,2,46,48,MD,8.9,11,9.046871962,11.37752837,76866,76972,4.399795439,5.196749115,8.5,25.8,39.4,6.8,3.6,3.9,4.3,-4.417,"854,535",66.93290735
Maryland,Baltimore,2020,2,46,48,MD,8.9,11,9.046871962,11.37752837,76866,76972,4.399795439,5.196749115,8.5,25.8,39.4,8.8,5,5.6,6.1,2.568,"854,535",81.30802128
Maryland,Baltimore,2020,2,46,48,MD,8.9,11,9.046871962,11.37752837,76866,76972,4.399795439,5.196749115,8.5,25.8,39.4,8.8,5,5.6,6.1,2.568,"854,535",66.93290735
Maryland,Baltimore,2020,2,46,48,MD,8.9,11,9.046871962,11.37752837,76866,76972,4.399795439,5.196749115,8.5,25.8,39.4,8.8,5,5.6,6.1,-4.417,"854,535",81.30802128
Maryland,Baltimore,2020,2,46,48,MD,8.9,11,9.046871962,11.37752837,76866,76972,4.399795439,5.196749115,8.5,25.8,39.4,8.8,5,5.6,6.1,-4.417,"854,535",66.93290735
Maryland,Baltimore,2020,2,46,48,MD,20.4,30.6,21.20510343,31.03015685,50379,49780,10.7356417,16.81612898,8.5,25.8,39.4,6.8,3.6,3.9,4.3,2.568,"854,535",81.30802128
Maryland,Baltimore,2020,2,46,48,MD,20.4,30.6,21.20510343,31.03015685,50379,49780,10.7356417,16.81612898,8.5,25.8,39.4,6.8,3.6,3.9,4.3,2.568,"854,535",66.93290735
Maryland,Baltimore,2020,2,46,48,MD,20.4,30.6,21.20510343,31.03015685,50379,49780,10.7356417,16.81612898,8.5,25.8,39.4,6.8,3.6,3.9,4.3,-4.417,"854,535",81.30802128
Maryland,Baltimore,2020,2,46,48,MD,20.4,30.6,21.20510343,31.03015685,50379,49780,10.7356417,16.81612898,8.5,25.8,39.4,6.8,3.6,3.9,4.3,-4.417,"854,535",66.93290735
Maryland,Baltimore,2020,2,46,48,MD,20.4,30.6,21.20510343,31.03015685,50379,49780,10.7356417,16.81612898,8.5,25.8,39.4,8.8,5,5.6,6.1,2.568,"854,535",81.30802128
Maryland,Baltimore,2020,2,46,48,MD,20.4,30.6,21.20510343,31.03015685,50379,49780,10.7356417,16.81612898,8.5,25.8,39.4,8.8,5,5.6,6.1,2.568,"854,535",66.93290735
Maryland,Baltimore,2020,2,46,48,MD,20.4,30.6,21.20510343,31.03015685,50379,49780,10.7356417,16.81612898,8.5,25.8,39.4,8.8,5,5.6,6.1,-4.417,"854,535",81.30802128
Maryland,Baltimore,2020,2,46,48,MD,20.4,30.6,21.20510343,31.03015685,50379,49780,10.7356417,16.81612898,8.5,25.8,39.4,8.8,5,5.6,6.1,-4.417,"854,535",66.93290735
Maryland,Baltimore,2021,5,55,60,MD,8.9,11,9.046871962,11.37752837,76866,76972,4.399795439,5.196749115,8.5,25.8,39.4,6.8,3.6,3.9,4.3,2.568,"854,535",81.30802128
Maryland,Baltimore,2021,5,55,60,MD,8.9,11,9.046871962,11.37752837,76866,76972,4.399795439,5.196749115,8.5,25.8,39.4,6.8,3.6,3.9,4.3,2.568,"854,535",66.93290735
Maryland,Baltimore,2021,5,55,60,MD,8.9,11,9.046871962,11.37752837,76866,76972,4.399795439,5.196749115,8.5,25.8,39.4,6.8,3.6,3.9,4.3,-4.417,"854,535",81.30802128
Maryland,Baltimore,2021,5,55,60,MD,8.9,11,9.046871962,11.37752837,76866,76972,4.399795439,5.196749115,8.5,25.8,39.4,6.8,3.6,3.9,4.3,-4.417,"854,535",66.93290735
Maryland,Baltimore,2021,5,55,60,MD,8.9,11,9.046871962,11.37752837,76866,76972,4.399795439,5.196749115,8.5,25.8,39.4,8.8,5,5.6,6.1,2.568,"854,535",81.30802128
Maryland,Baltimore,2021,5,55,60,MD,8.9,11,9.046871962,11.37752837,76866,76972,4.399795439,5.196749115,8.5,25.8,39.4,8.8,5,5.6,6.1,2.568,"854,535",66.93290735
Maryland,Baltimore,2021,5,55,60,MD,8.9,11,9.046871962,11.37752837,76866,76972,4.399795439,5.196749115,8.5,25.8,39.4,8.8,5,5.6,6.1,-4.417,"854,535",81.30802128
Maryland,Baltimore,2021,5,55,60,MD,8.9,11,9.046871962,11.37752837,76866,76972,4.399795439,5.196749115,8.5,25.8,39.4,8.8,5,5.6,6.1,-4.417,"854,535",66.93290735
Maryland,Baltimore,2021,5,55,60,MD,20.4,30.6,21.20510343,31.03015685,50379,49780,10.7356417,16.81612898,8.5,25.8,39.4,6.8,3.6,3.9,4.3,2.568,"854,535",81.30802128
Maryland,Baltimore,2021,5,55,60,MD,20.4,30.6,21.20510343,31.03015685,50379,49780,10.7356417,16.81612898,8.5,25.8,39.4,6.8,3.6,3.9,4.3,2.568,"854,535",66.93290735
Maryland,Baltimore,2021,5,55,60,MD,20.4,30.6,21.20510343,31.03015685,50379,49780,10.7356417,16.81612898,8.5,25.8,39.4,6.8,3.6,3.9,4.3,-4.417,"854,535",81.30802128
Maryland,Baltimore,2021,5,55,60,MD,20.4,30.6,21.20510343,31.03015685,50379,49780,10.7356417,16.81612898,8.5,25.8,39.4,6.8,3.6,3.9,4.3,-4.417,"854,535",66.93290735
Maryland,Baltimore,2021,5,55,60,MD,20.4,30.6,21.20510343,31.03015685,50379,49780,10.7356417,16.81612898,8.5,25.8,39.4,8.8,5,5.6,6.1,2.568,"854,535",81.30802128
Maryland,Baltimore,2021,5,55,60,MD,20.4,30.6,21.20510343,31.03015685,50379,49780,10.7356417,16.81612898,8.5,25.8,39.4,8.8,5,5.6,6.1,2.568,"854,535",66.93290735
Maryland,Baltimore,2021,5,55,60,MD,20.4,30.6,21.20510343,31.03015685,50379,49780,10.7356417,16.81612898,8.5,25.8,39.4,8.8,5,5.6,6.1,-4.417,"854,535",81.30802128
Maryland,Baltimore,2021,5,55,60,MD,20.4,30.6,21.20510343,31.03015685,50379,49780,10.7356417,16.81612898,8.5,25.8,39.4,8.8,5,5.6,6.1,-4.417,"854,535",66.93290735
Maryland,Baltimore,2022,8,8,16,MD,8.9,11,9.046871962,11.37752837,76866,76972,4.399795439,5.196749115,8.5,25.8,39.4,6.8,3.6,3.9,4.3,2.568,"854,535",81.30802128
Maryland,Baltimore,2022,8,8,16,MD,8.9,11,9.046871962,11.37752837,76866,76972,4.399795439,5.196749115,8.5,25.8,39.4,6.8,3.6,3.9,4.3,2.568,"854,535",66.93290735
Maryland,Baltimore,2022,8,8,16,MD,8.9,11,9.046871962,11.37752837,76866,76972,4.399795439,5.196749115,8.5,25.8,39.4,6.8,3.6,3.9,4.3,-4.417,"854,535",81.30802128
Maryland,Baltimore,2022,8,8,16,MD,8.9,11,9.046871962,11.37752837,76866,76972,4.399795439,5.196749115,8.5,25.8,39.4,6.8,3.6,3.9,4.3,-4.417,"854,535",66.93290735
Maryland,Baltimore,2022,8,8,16,MD,8.9,11,9.046871962,11.37752837,76866,76972,4.399795439,5.196749115,8.5,25.8,39.4,8.8,5,5.6,6.1,2.568,"854,535",81.30802128
Maryland,Baltimore,2022,8,8,16,MD,8.9,11,9.046871962,11.37752837,76866,76972,4.399795439,5.196749115,8.5,25.8,39.4,8.8,5,5.6,6.1,2.568,"854,535",66.93290735
Maryland,Baltimore,2022,8,8,16,MD,8.9,11,9.046871962,11.37752837,76866,76972,4.399795439,5.196749115,8.5,25.8,39.4,8.8,5,5.6,6.1,-4.417,"854,535",81.30802128
Maryland,Baltimore,2022,8,8,16,MD,8.9,11,9.046871962,11.37752837,76866,76972,4.399795439,5.196749115,8.5,25.8,39.4,8.8,5,5.6,6.1,-4.417,"854,535",66.93290735
Maryland,Baltimore,2022,8,8,16,MD,20.4,30.6,21.20510343,31.03015685,50379,49780,10.7356417,16.81612898,8.5,25.8,39.4,6.8,3.6,3.9,4.3,2.568,"854,535",81.30802128
Maryland,Baltimore,2022,8,8,16,MD,20.4,30.6,21.20510343,31.03015685,50379,49780,10.7356417,16.81612898,8.5,25.8,39.4,6.8,3.6,3.9,4.3,2.568,"854,535",66.93290735
Maryland,Baltimore,2022,8,8,16,MD,20.4,30.6,21.20510343,31.03015685,50379,49780,10.7356417,16.81612898,8.5,25.8,39.4,6.8,3.6,3.9,4.3,-4.417,"854,535",81.30802128
Maryland,Baltimore,2022,8,8,16,MD,20.4,30.6,21.20510343,31.03015685,50379,49780,10.7356417,16.81612898,8.5,25.8,39.4,6.8,3.6,3.9,4.3,-4.417,"854,535",66.93290735
Maryland,Baltimore,2022,8,8,16,MD,20.4,30.6,21.20510343,31.03015685,50379,49780,10.7356417,16.81612898,8.5,25.8,39.4,8.8,5,5.6,6.1,2.568,"854,535",81.30802128
Maryland,Baltimore,2022,8,8,16,MD,20.4,30.6,21.20510343,31.03015685,50379,49780,10.7356417,16.81612898,8.5,25.8,39.4,8.8,5,5.6,6.1,2.568,"854,535",66.93290735
Maryland,Baltimore,2022,8,8,16,MD,20.4,30.6,21.20510343,31.03015685,50379,49780,10.7356417,16.81612898,8.5,25.8,39.4,8.8,5,5.6,6.1,-4.417,"854,535",81.30802128
Maryland,Baltimore,2022,8,8,16,MD,20.4,30.6,21.20510343,31.03015685,50379,49780,10.7356417,16.81612898,8.5,25.8,39.4,8.8,5,5.6,6.1,-4.417,"854,535",66.93290735
Maryland,Frederick,2019,0,4,4,MD,5.7,6.6,6.843311895,8.017694222,97730,102951,2.952788655,2.982444014,7.5,24.1,41.4,5.9,3.1,3.4,3.6,10.814,"271,717",86.75714129
Michigan,Kalamazoo,2019,1,3,4,MI,13.3,13.6,14.9468177,16.39626705,56511,56739,7.246775283,7.955850682,6.4,22,38.8,7.2,3.2,3.4,4,5.709,"261,670",78.02484282
Michigan,Kalamazoo,2021,0,4,4,MI,13.3,13.6,14.9468177,16.39626705,56511,56739,7.246775283,7.955850682,6.4,22,38.8,7.2,3.2,3.4,4,5.709,"261,670",78.02484282
Michigan,Muskegon,2020,0,4,4,MI,13.5,17.3,15.45826647,22.0759636,50854,50730,6.365663523,10.07054493,8.7,34,19.7,11.4,4.2,4.6,5.3,0.962,"175,824",66.13209174
Michigan,Muskegon,2021,1,3,4,MI,13.5,17.3,15.45826647,22.0759636,50854,50730,6.365663523,10.07054493,8.7,34,19.7,11.4,4.2,4.6,5.3,0.962,"175,824",66.13209174
Michigan,Saginaw,2019,1,3,4,MI,18.6,29,17.98721786,25.78358954,48000,48471,7.015613624,10.89289279,10.6,33.3,20.8,9.9,4.7,4.8,5.4,-4.665,"190,124",64.41933691
Michigan,Saginaw,2020,3,5,8,MI,18.6,29,17.98721786,25.78358954,48000,48471,7.015613624,10.89289279,10.6,33.3,20.8,9.9,4.7,4.8,5.4,-4.665,"190,124",64.41933691
Michigan,Saginaw,2021,3,6,9,MI,18.6,29,17.98721786,25.78358954,48000,48471,7.015613624,10.89289279,10.6,33.3,20.8,9.9,4.7,4.8,5.4,-4.665,"190,124",64.41933691
Mississippi,Grenada,2020,0,11,11,MS,20.3,28.3,21.06737503,33.07800847,40122,40561,10.77034533,20.29832695,19.2,27.8,21.3,7.2,5.1,4.4,4.7,-4.932,"21,629",68.73065015
Mississippi,Jackson,2019,1,3,4,MS,15.1,21.5,16.17674194,22.62048193,51657,53414,7.473067151,12.03012048,11.3,31.2,21.1,9.5,6.2,5.8,6.1,2.974,"143,252",73.38219027
Mississippi,Jackson,2020,3,19,22,MS,15.1,21.5,16.17674194,22.62048193,51657,53414,7.473067151,12.03012048,11.3,31.2,21.1,9.5,6.2,5.8,6.1,2.974,"143,252",73.38219027
Mississippi,Jackson,2021,3,3,6,MS,15.1,21.5,16.17674194,22.62048193,51657,53414,7.473067151,12.03012048,11.3,31.2,21.1,9.5,6.2,5.8,6.1,2.974,"143,252",73.38219027
Mississippi,Jackson,2022,1,3,4,MS,15.1,21.5,16.17674194,22.62048193,51657,53414,7.473067151,12.03012048,11.3,31.2,21.1,9.5,6.2,5.8,6.1,2.974,"143,252",73.38219027
Missouri,Cape Girardeau,2020,0,5,5,MO,14.6,17.8,16.37576047,18.87696319,53732,57618,6.79179618,5.900187981,9,31.2,31.5,5.2,2.9,2.8,3.5,3.916,"81,710",73.76910017
Montana,Missoula,2019,1,3,4,MT,11.8,11.3,14.27184466,13.66168009,54062,57279,6.007172221,4.33141542,4.4,21.7,43,6.3,3.3,3.4,3.7,9.257,"117,922",79.14285714
New Jersey,Camden,2019,1,3,4,NJ,10.7,15.3,12.23776713,17.4485791,70451,73168,5.479964399,8.072623012,11.3,29.5,32.5,10.1,3.9,4.5,5,-1.326,"523,485",78.28067455
New Jersey,Passaic,2021,0,5,5,NJ,13.3,20.4,15.69219976,24.69062311,69688,76039,6.589671585,10.7124891,16.3,34.5,28.2,12.6,4.2,4.9,5.6,-0.039,"524,118",79.27769214
New York,Albany,2020,1,10,11,NY,11.7,16,11.87364545,16.33430347,66252,69408,6.16660198,8.512090834,7.9,23,41.8,7.2,3.5,3.7,4.2,0.467,"314,848",76.91042321
New York,Albany,2021,3,20,23,NY,11.7,16,11.87364545,16.33430347,66252,69408,6.16660198,8.512090834,7.9,23,41.8,7.2,3.5,3.7,4.2,0.467,"314,848",76.91042321
New York,Bronx,2018,0,4,4,NY,26.2,36.5,28.00546438,39.18121638,40088,41470,12.479746,19.392755,27.2,27.9,20.1,16,5.3,5.6,6.2,2.228,"1,472,654",62.34776229
New York,Bronx,2019,0,5,5,NY,26.2,36.5,28.00546438,39.18121638,40088,41470,12.479746,19.392755,27.2,27.9,20.1,16,5.3,5.6,6.2,2.228,"1,472,654",62.34776229
New York,Bronx,2020,1,15,16,NY,26.2,36.5,28.00546438,39.18121638,40088,41470,12.479746,19.392755,27.2,27.9,20.1,16,5.3,5.6,6.2,2.228,"1,472,654",62.34776229
New York,Bronx,2021,3,19,22,NY,26.2,36.5,28.00546438,39.18121638,40088,41470,12.479746,19.392755,27.2,27.9,20.1,16,5.3,5.6,6.2,2.228,"1,472,654",62.34776229
New York,Bronx,2022,1,3,4,NY,26.2,36.5,28.00546438,39.18121638,40088,41470,12.479746,19.392755,27.2,27.9,20.1,16,5.3,5.6,6.2,2.228,"1,472,654",62.34776229
North Carolina,Durham,2020,0,8,8,NC,14,20.6,15.1727956,23.54379382,60958,65541,7.158770635,10.58094477,11.6,17.7,48.2,6.5,3.3,3.6,4.1,18.474,"324,833",72.29233593
North Carolina,Durham,2021,5,14,19,NC,14,20.6,15.1727956,23.54379382,60958,65541,7.158770635,10.58094477,11.6,17.7,48.2,6.5,3.3,3.6,4.1,18.474,"324,833",72.29233593
North Carolina,Durham,2022,2,2,4,NC,14,20.6,15.1727956,23.54379382,60958,65541,7.158770635,10.58094477,11.6,17.7,48.2,6.5,3.3,3.6,4.1,18.474,"324,833",72.29233593
North Carolina,Wilson,2020,0,5,5,NC,21.5,32.2,20.31365475,32.62242859,43877,42414,8.114438891,12.94746504,19.7,31.5,19.6,8.9,5.6,6.3,7.2,0.624,"78,784",63.95023328
Ohio,Sandusky,2020,1,3,4,OH,9.6,14.1,11.62258657,15.50777322,54089,58415,5.736767306,8.129012298,9.6,42.4,16.1,8.1,4.3,4.5,4.7,-3.888,"58,896",84.91189427
Oklahoma,Muskogee,2021,6,1,7,OK,22.7,32.6,21.05449999,29.39148318,43078,43392,9.566438747,15.92063876,14.7,34.4,20.4,6,3.7,3.8,4.8,-4.403,"66,339",63.00675676
Oklahoma,Tulsa,2018,0,4,4,OK,14.3,19.6,14.96025762,21.80340215,55517,57668,6.733584669,9.828025121,10.6,25.4,31.8,6.6,3,3.2,4,7.699,"669,279",77.51114336
Oklahoma,Tulsa,2019,2,2,4,OK,14.3,19.6,14.96025762,21.80340215,55517,57668,6.733584669,9.828025121,10.6,25.4,31.8,6.6,3,3.2,4,7.699,"669,279",77.51114336
Pennsylvania,Chester,2020,3,5,8,PA,5.9,6.3,6.435575197,7.301322956,100214,102233,3.05778602,2.995131319,6.4,20.8,53,6.4,3.2,3.3,3.7,5.014,"534,413",80.78251938
Pennsylvania,Erie,2021,2,3,5,PA,16.6,24.2,16.01534358,23.07892635,51529,51923,6.95749475,10.21042397,8.7,38.5,27.9,9.8,4.7,4.9,5.8,-3.943,"270,876",74.29079987
Pennsylvania,Lancaster,2021,0,4,4,PA,10.5,14.6,10.14961792,14.35568624,66056,67515,4.334190815,5.437771948,15,35.3,27.3,7.5,3.5,3.5,3.9,4.883,"552,984",84.60123725
Pennsylvania,Lebanon,2019,0,4,4,PA,10.4,15.5,10.81675108,16.54680858,60281,61560,4.792008174,7.766804104,12.8,44,20.7,7.9,4,3.9,4.2,6.082,"143,257",84.13654618
Pennsylvania,Philadelphia,2018,7,14,21,PA,23,31.6,24.34264305,34.83700904,45927,47598,11.44399349,16.86943879,15.3,32.6,29.7,12.4,5.6,5.7,6.3,3.65,"1,603,797",71.81937219
Pennsylvania,Philadelphia,2019,9,57,66,PA,23,31.6,24.34264305,34.83700904,45927,47598,11.44399349,16.86943879,15.3,32.6,29.7,12.4,5.6,5.7,6.3,3.65,"1,603,797",71.81937219
Pennsylvania,Philadelphia,2020,11,127,138,PA,23,31.6,24.34264305,34.83700904,45927,47598,11.44399349,16.86943879,15.3,32.6,29.7,12.4,5.6,5.7,6.3,3.65,"1,603,797",71.81937219
Pennsylvania,Philadelphia,2021,12,107,119,PA,23,31.6,24.34264305,34.83700904,45927,47598,11.44399349,16.86943879,15.3,32.6,29.7,12.4,5.6,5.7,6.3,3.65,"1,603,797",71.81937219
Pennsylvania,Philadelphia,2022,2,16,18,PA,23,31.6,24.34264305,34.83700904,45927,47598,11.44399349,16.86943879,15.3,32.6,29.7,12.4,5.6,5.7,6.3,3.65,"1,603,797",71.81937219
Rhode Island,Providence,2021,0,13,13,RI,14,20.3,15.22581597,21.68085911,58974,62165,6.076949558,8.480726324,14.2,31,29,10.2,3.9,4.4,4.8,1.767,"660,741",72.76329126
South Carolina,Abbeville,2019,3,1,4,SC,14.8,21.6,18.71943829,25.77523208,38741,46499,7.389141974,11.79142801,18.3,34,15.6,6.6,3.2,3.9,4.5,-3.163,"24,295",77.97783934
South Carolina,Aiken,2020,1,10,11,SC,12.5,19.3,14.93788219,22.13894574,51399,56824,6.892780316,10.89385475,12,32.8,26.4,5,2.8,3.3,4,6.428,"168,808",73.26242168
South Carolina,Aiken,2021,4,1,5,SC,12.5,19.3,14.93788219,22.13894574,51399,56824,6.892780316,10.89385475,12,32.8,26.4,5,2.8,3.3,4,6.428,"168,808",73.26242168
South Carolina,Allendale,2019,0,5,5,SC,30.2,46.9,25.0094304,41.70112227,27185,32147,13.9821451,25.63496751,20.2,45.9,9.2,9.4,5.1,5.6,6.8,-16.09,"8,039",46.21026895
South Carolina,Anderson,2020,1,3,4,SC,12.9,18.8,14.58224289,21.39998201,50865,54496,5.873025647,8.18267674,14.7,31.2,22.2,5.9,2.6,3.2,3.9,8.27,"203,718",78.45729227
South Carolina,Barnwell,2020,0,5,5,SC,24.9,38.5,28.14190645,46.43650313,35803,36675,13.09905683,25.92368262,20.2,35.4,12.5,7.4,4.1,4.7,5.9,-7.828,"20,589",64.60767947
South Carolina,Charleston,2020,0,4,4,SC,11.7,16.1,13.73781894,20.66197703,64022,70980,6.539629213,8.488417946,8.3,22.7,43.6,6.3,2.2,2.7,3.4,17.23,"408,235",77.56742739
South Carolina,Charleston,2021,1,9,10,SC,11.7,16.1,13.73781894,20.66197703,64022,70980,6.539629213,8.488417946,8.3,22.7,43.6,6.3,2.2,2.7,3.4,17.23,"408,235",77.56742739
South Carolina,Chester,2022,2,3,5,SC,17.7,25.7,19.64213348,27.40164048,42442,45400,8.410486611,13.8467955,17.9,39.3,13.4,8.9,4,4.8,6,-2.771,"32,294",60.22222222
South Carolina,Darlington,2021,0,4,4,SC,19.6,31.3,20.00121931,29.15734526,38448,44007,7.250308637,10.53487899,17.6,35.1,18.4,6.5,3.3,4,5.2,-2.779,"62,905",72.93007293
South Carolina,Dillon,2022,0,5,5,SC,26.8,35.2,32.58583052,45.69934641,30812,35483,10.63372362,11.47712418,24.7,39,11.1,6.1,4,4.7,5.6,-4.985,"28,292",61.12820513
South Carolina,Florence,2018,2,6,8,SC,17,23.9,18.41028638,25.9198616,47058,49770,8.372481856,12.60774198,15,32.9,23.6,5.6,2.8,3.6,4.4,0.841,"137,059",76.57089465
South Carolina,Florence,2020,0,4,4,SC,17,23.9,18.41028638,25.9198616,47058,49770,8.372481856,12.60774198,15,32.9,23.6,5.6,2.8,3.6,4.4,0.841,"137,059",76.57089465
South Carolina,Florence,2021,0,6,6,SC,17,23.9,18.41028638,25.9198616,47058,49770,8.372481856,12.60774198,15,32.9,23.6,5.6,2.8,3.6,4.4,0.841,"137,059",76.57089465
South Carolina,Greenville,2020,2,8,10,SC,10.7,14.8,11.45833965,15.32793243,60351,64399,5.058519053,6.743945531,12,23.8,35.1,5.7,2.4,2.9,3.6,15.65,"525,534",78.02418008
South Carolina,Greenville,2021,1,3,4,SC,10.7,14.8,11.45833965,15.32793243,60351,64399,5.058519053,6.743945531,12,23.8,35.1,5.7,2.4,2.9,3.6,15.65,"525,534",78.02418008
South Carolina,Greenwood,2018,0,5,5,SC,18,25.3,20.76952527,35.86137619,42336,43958,9.968783131,18.89126067,14.8,30.5,24.6,6.4,3,3.6,4.4,1.498,"69,351",65.25679758
South Carolina,Greenwood,2020,1,3,4,SC,18,25.3,20.76952527,35.86137619,42336,43958,9.968783131,18.89126067,14.8,30.5,24.6,6.4,3,3.6,4.4,1.498,"69,351",65.25679758
South Carolina,Greenwood,2021,3,1,4,SC,18,25.3,20.76952527,35.86137619,42336,43958,9.968783131,18.89126067,14.8,30.5,24.6,6.4,3,3.6,4.4,1.498,"69,351",65.25679758
South Carolina,Lancaster,2019,2,8,10,SC,11.8,15.3,13.43120656,18.80227844,58849,63842,5.649616824,9.088110022,14.1,29.9,26.9,6.9,3.2,3.7,4.6,27.336,"96,016",77.42647059
South Carolina,Lancaster,2020,1,4,5,SC,11.8,15.3,13.43120656,18.80227844,58849,63842,5.649616824,9.088110022,14.1,29.9,26.9,6.9,3.2,3.7,4.6,27.336,"96,016",77.42647059
South Carolina,Spartanburg,2018,0,6,6,SC,12.9,18.2,14.03970366,21.34162023,52332,55588,6.157143048,9.828546935,14.3,29.3,24.5,6.6,2.5,3.1,4,12.311,"327,997",71.6786927
South Carolina,Spartanburg,2021,4,6,10,SC,12.9,18.2,14.03970366,21.34162023,52332,55588,6.157143048,9.828546935,14.3,29.3,24.5,6.6,2.5,3.1,4,12.311,"327,997",71.6786927
South Carolina,Sumter,2019,2,6,8,SC,17.8,25.8,18.71902731,27.15107407,45661,49611,7.046406208,10.23985601,14.5,30.8,19.3,6.8,3.2,4,5.1,-0.823,"105,556",73.04935208
South Carolina,Sumter,2020,3,1,4,SC,17.8,25.8,18.71902731,27.15107407,45661,49611,7.046406208,10.23985601,14.5,30.8,19.3,6.8,3.2,4,5.1,-0.823,"105,556",73.04935208
Tennessee,Jackson,2018,1,4,5,TN,17.1,23.8,19.19244887,29.60652591,35207,41749,7.60356581,12.95585413,21.8,44.6,11,8,4.6,4.7,5.3,1.385,"11,617",53.25
Tennessee,Jackson,2020,0,8,8,TN,17.1,23.8,19.19244887,29.60652591,35207,41749,7.60356581,12.95585413,21.8,44.6,11,8,4.6,4.7,5.3,1.385,"11,617",53.25
Texas,Austin,2019,0,5,5,TX,11.1,17,12.14946933,17.73579586,66206,68311,3.434946255,5.597067531,16,29.2,23.9,6.6,3.4,3.7,4.4,5.884,"30,167",69.27710843
Texas,Austin,2020,0,5,5,TX,11.1,17,12.14946933,17.73579586,66206,68311,3.434946255,5.597067531,16,29.2,23.9,6.6,3.4,3.7,4.4,5.884,"30,167",69.27710843
Texas,Austin,2021,2,21,23,TX,11.1,17,12.14946933,17.73579586,66206,68311,3.434946255,5.597067531,16,29.2,23.9,6.6,3.4,3.7,4.4,5.884,"30,167",69.27710843
Texas,Austin,2022,0,4,4,TX,11.1,17,12.14946933,17.73579586,66206,68311,3.434946255,5.597067531,16,29.2,23.9,6.6,3.4,3.7,4.4,5.884,"30,167",69.27710843
Texas,Dallas,2019,3,5,8,TX,14,20.9,15.3584566,23.34171607,59607,61807,6.331155225,9.027945074,20.7,22.6,31.5,7.7,3.5,3.8,3.9,11.063,"2,613,539",79.99960151
Texas,Dallas,2020,2,11,13,TX,14,20.9,15.3584566,23.34171607,59607,61807,6.331155225,9.027945074,20.7,22.6,31.5,7.7,3.5,3.8,3.9,11.063,"2,613,539",79.99960151
Texas,Dallas,2021,6,36,42,TX,14,20.9,15.3584566,23.34171607,59607,61807,6.331155225,9.027945074,20.7,22.6,31.5,7.7,3.5,3.8,3.9,11.063,"2,613,539",79.99960151
Texas,Dallas,2022,2,24,26,TX,14,20.9,15.3584566,23.34171607,59607,61807,6.331155225,9.027945074,20.7,22.6,31.5,7.7,3.5,3.8,3.9,11.063,"2,613,539",79.99960151
Texas,El Paso,2019,24,27,51,TX,18.8,26.2,20.18718206,28.51394685,46871,48629,7.729330306,11.98989677,21.5,23.7,23.3,8.3,3.8,4.2,4.7,4.438,"865,657",75.120825
Texas,El Paso,2021,1,3,4,TX,18.8,26.2,20.18718206,28.51394685,46871,48629,7.729330306,11.98989677,21.5,23.7,23.3,8.3,3.8,4.2,4.7,4.438,"865,657",75.120825
Texas,Henderson,2019,2,2,4,TX,17.5,30.3,17.08953817,27.05684259,47355,49896,6.088595665,9.522150613,16.5,34.4,17.3,6.4,3.5,3.8,4.2,5.176,"82,150",67.43554953
Texas,Houston,2018,2,6,8,TX,20.9,28.8,21.79279644,34.06618838,37904,43601,8.331647106,16.31566767,18.8,36.2,15.2,5.3,3.1,3.7,4.4,-3.015,"22,066",45.03937008
Texas,Houston,2019,13,32,45,TX,20.9,28.8,21.79279644,34.06618838,37904,43601,8.331647106,16.31566767,18.8,36.2,15.2,5.3,3.1,3.7,4.4,-3.015,"22,066",45.03937008
Texas,Houston,2020,18,42,60,TX,20.9,28.8,21.79279644,34.06618838,37904,43601,8.331647106,16.31566767,18.8,36.2,15.2,5.3,3.1,3.7,4.4,-3.015,"22,066",45.03937008
Texas,Houston,2021,22,61,83,TX,20.9,28.8,21.79279644,34.06618838,37904,43601,8.331647106,16.31566767,18.8,36.2,15.2,5.3,3.1,3.7,4.4,-3.015,"22,066",45.03937008
Texas,Houston,2022,2,11,13,TX,20.9,28.8,21.79279644,34.06618838,37904,43601,8.331647106,16.31566767,18.8,36.2,15.2,5.3,3.1,3.7,4.4,-3.015,"22,066",45.03937008
Texas,Lubbock,2019,1,3,4,TX,17.9,22.5,18.86337519,21.20199869,52429,54733,9.461955184,9.417233844,13.8,25.6,30.1,5.7,2.8,3.1,3.2,10.798,"310,639",81.34365634
Texas,Lubbock,2020,2,2,4,TX,17.9,22.5,18.86337519,21.20199869,52429,54733,9.461955184,9.417233844,13.8,25.6,30.1,5.7,2.8,3.1,3.2,10.798,"310,639",81.34365634
Texas,Lubbock,2022,0,4,4,TX,17.9,22.5,18.86337519,21.20199869,52429,54733,9.461955184,9.417233844,13.8,25.6,30.1,5.7,2.8,3.1,3.2,10.798,"310,639",81.34365634
Texas,Nacogdoches,2019,1,3,4,TX,20.9,26.3,24.7748954,30.44086308,44847,46207,10.52719665,10.12253596,17.1,28.6,24.5,6.6,3.7,3.9,4.3,0.802,"64,653",68.68686869
Texas,Nacogdoches,2021,1,3,4,TX,20.9,26.3,24.7748954,30.44086308,44847,46207,10.52719665,10.12253596,17.1,28.6,24.5,6.6,3.7,3.9,4.3,0.802,"64,653",68.68686869
Texas,Victoria,2021,3,1,4,TX,14.3,22.6,15.03543594,20.33809232,56834,57344,5.526240258,8.491722869,16.2,30.8,20,8.3,3.5,3.9,4.9,5.986,"91,319",83.20819113
Virginia,Richmond,2018,0,5,5,VA,17.8,20.2,17.25371491,28.86041807,49517,49758,12.24545955,26.23061362,19.4,35.4,17.7,4.9,2.9,3.1,3.6,-2.769,"8,923",24.09381663
Virginia,Richmond,2018,0,5,5,VA,17.8,20.2,17.25371491,28.86041807,49517,49758,12.24545955,26.23061362,19.4,35.4,17.7,4.9,2.9,3.1,3.6,-2.769,"8,923",70.92579505
Virginia,Richmond,2018,0,5,5,VA,17.8,20.2,17.25371491,28.86041807,49517,49758,12.24545955,26.23061362,19.4,35.4,17.7,4.9,2.9,3.1,3.6,12.792,"8,923",24.09381663
Virginia,Richmond,2018,0,5,5,VA,17.8,20.2,17.25371491,28.86041807,49517,49758,12.24545955,26.23061362,19.4,35.4,17.7,4.9,2.9,3.1,3.6,12.792,"8,923",70.92579505
Virginia,Richmond,2018,0,5,5,VA,17.8,20.2,17.25371491,28.86041807,49517,49758,12.24545955,26.23061362,19.4,35.4,17.7,8.8,3.2,3.5,4.3,-2.769,"8,923",24.09381663
Virginia,Richmond,2018,0,5,5,VA,17.8,20.2,17.25371491,28.86041807,49517,49758,12.24545955,26.23061362,19.4,35.4,17.7,8.8,3.2,3.5,4.3,-2.769,"8,923",70.92579505
Virginia,Richmond,2018,0,5,5,VA,17.8,20.2,17.25371491,28.86041807,49517,49758,12.24545955,26.23061362,19.4,35.4,17.7,8.8,3.2,3.5,4.3,12.792,"8,923",24.09381663
Virginia,Richmond,2018,0,5,5,VA,17.8,20.2,17.25371491,28.86041807,49517,49758,12.24545955,26.23061362,19.4,35.4,17.7,8.8,3.2,3.5,4.3,12.792,"8,923",70.92579505
Virginia,Richmond,2018,0,5,5,VA,19.2,27.6,23.23009361,36.97276205,47250,50949,12.70667611,23.0944985,19.4,35.4,17.7,4.9,2.9,3.1,3.6,-2.769,"8,923",24.09381663
Virginia,Richmond,2018,0,5,5,VA,19.2,27.6,23.23009361,36.97276205,47250,50949,12.70667611,23.0944985,19.4,35.4,17.7,4.9,2.9,3.1,3.6,-2.769,"8,923",70.92579505
Virginia,Richmond,2018,0,5,5,VA,19.2,27.6,23.23009361,36.97276205,47250,50949,12.70667611,23.0944985,19.4,35.4,17.7,4.9,2.9,3.1,3.6,12.792,"8,923",24.09381663
Virginia,Richmond,2018,0,5,5,VA,19.2,27.6,23.23009361,36.97276205,47250,50949,12.70667611,23.0944985,19.4,35.4,17.7,4.9,2.9,3.1,3.6,12.792,"8,923",70.92579505
Virginia,Richmond,2018,0,5,5,VA,19.2,27.6,23.23009361,36.97276205,47250,50949,12.70667611,23.0944985,19.4,35.4,17.7,8.8,3.2,3.5,4.3,-2.769,"8,923",24.09381663
Virginia,Richmond,2018,0,5,5,VA,19.2,27.6,23.23009361,36.97276205,47250,50949,12.70667611,23.0944985,19.4,35.4,17.7,8.8,3.2,3.5,4.3,-2.769,"8,923",70.92579505
Virginia,Richmond,2018,0,5,5,VA,19.2,27.6,23.23009361,36.97276205,47250,50949,12.70667611,23.0944985,19.4,35.4,17.7,8.8,3.2,3.5,4.3,12.792,"8,923",24.09381663
Virginia,Richmond,2018,0,5,5,VA,19.2,27.6,23.23009361,36.97276205,47250,50949,12.70667611,23.0944985,19.4,35.4,17.7,8.8,3.2,3.5,4.3,12.792,"8,923",70.92579505
Virginia,Richmond,2019,1,7,8,VA,17.8,20.2,17.25371491,28.86041807,49517,49758,12.24545955,26.23061362,19.4,35.4,17.7,4.9,2.9,3.1,3.6,-2.769,"8,923",24.09381663
Virginia,Richmond,2019,1,7,8,VA,17.8,20.2,17.25371491,28.86041807,49517,49758,12.24545955,26.23061362,19.4,35.4,17.7,4.9,2.9,3.1,3.6,-2.769,"8,923",70.92579505
Virginia,Richmond,2019,1,7,8,VA,17.8,20.2,17.25371491,28.86041807,49517,49758,12.24545955,26.23061362,19.4,35.4,17.7,4.9,2.9,3.1,3.6,12.792,"8,923",24.09381663
Virginia,Richmond,2019,1,7,8,VA,17.8,20.2,17.25371491,28.86041807,49517,49758,12.24545955,26.23061362,19.4,35.4,17.7,4.9,2.9,3.1,3.6,12.792,"8,923",70.92579505
Virginia,Richmond,2019,1,7,8,VA,17.8,20.2,17.25371491,28.86041807,49517,49758,12.24545955,26.23061362,19.4,35.4,17.7,8.8,3.2,3.5,4.3,-2.769,"8,923",24.09381663
Virginia,Richmond,2019,1,7,8,VA,17.8,20.2,17.25371491,28.86041807,49517,49758,12.24545955,26.23061362,19.4,35.4,17.7,8.8,3.2,3.5,4.3,-2.769,"8,923",70.92579505
Virginia,Richmond,2019,1,7,8,VA,17.8,20.2,17.25371491,28.86041807,49517,49758,12.24545955,26.23061362,19.4,35.4,17.7,8.8,3.2,3.5,4.3,12.792,"8,923",24.09381663
Virginia,Richmond,2019,1,7,8,VA,17.8,20.2,17.25371491,28.86041807,49517,49758,12.24545955,26.23061362,19.4,35.4,17.7,8.8,3.2,3.5,4.3,12.792,"8,923",70.92579505
Virginia,Richmond,2019,1,7,8,VA,19.2,27.6,23.23009361,36.97276205,47250,50949,12.70667611,23.0944985,19.4,35.4,17.7,4.9,2.9,3.1,3.6,-2.769,"8,923",24.09381663
Virginia,Richmond,2019,1,7,8,VA,19.2,27.6,23.23009361,36.97276205,47250,50949,12.70667611,23.0944985,19.4,35.4,17.7,4.9,2.9,3.1,3.6,-2.769,"8,923",70.92579505
Virginia,Richmond,2019,1,7,8,VA,19.2,27.6,23.23009361,36.97276205,47250,50949,12.70667611,23.0944985,19.4,35.4,17.7,4.9,2.9,3.1,3.6,12.792,"8,923",24.09381663
Virginia,Richmond,2019,1,7,8,VA,19.2,27.6,23.23009361,36.97276205,47250,50949,12.70667611,23.0944985,19.4,35.4,17.7,4.9,2.9,3.1,3.6,12.792,"8,923",70.92579505
Virginia,Richmond,2019,1,7,8,VA,19.2,27.6,23.23009361,36.97276205,47250,50949,12.70667611,23.0944985,19.4,35.4,17.7,8.8,3.2,3.5,4.3,-2.769,"8,923",24.09381663
Virginia,Richmond,2019,1,7,8,VA,19.2,27.6,23.23009361,36.97276205,47250,50949,12.70667611,23.0944985,19.4,35.4,17.7,8.8,3.2,3.5,4.3,-2.769,"8,923",70.92579505
Virginia,Richmond,2019,1,7,8,VA,19.2,27.6,23.23009361,36.97276205,47250,50949,12.70667611,23.0944985,19.4,35.4,17.7,8.8,3.2,3.5,4.3,12.792,"8,923",24.09381663
Virginia,Richmond,2019,1,7,8,VA,19.2,27.6,23.23009361,36.97276205,47250,50949,12.70667611,23.0944985,19.4,35.4,17.7,8.8,3.2,3.5,4.3,12.792,"8,923",70.92579505
Virginia,Richmond,2020,2,12,14,VA,17.8,20.2,17.25371491,28.86041807,49517,49758,12.24545955,26.23061362,19.4,35.4,17.7,4.9,2.9,3.1,3.6,-2.769,"8,923",24.09381663
Virginia,Richmond,2020,2,12,14,VA,17.8,20.2,17.25371491,28.86041807,49517,49758,12.24545955,26.23061362,19.4,35.4,17.7,4.9,2.9,3.1,3.6,-2.769,"8,923",70.92579505
Virginia,Richmond,2020,2,12,14,VA,17.8,20.2,17.25371491,28.86041807,49517,49758,12.24545955,26.23061362,19.4,35.4,17.7,4.9,2.9,3.1,3.6,12.792,"8,923",24.09381663
Virginia,Richmond,2020,2,12,14,VA,17.8,20.2,17.25371491,28.86041807,49517,49758,12.24545955,26.23061362,19.4,35.4,17.7,4.9,2.9,3.1,3.6,12.792,"8,923",70.92579505
Virginia,Richmond,2020,2,12,14,VA,17.8,20.2,17.25371491,28.86041807,49517,49758,12.24545955,26.23061362,19.4,35.4,17.7,8.8,3.2,3.5,4.3,-2.769,"8,923",24.09381663
Virginia,Richmond,2020,2,12,14,VA,17.8,20.2,17.25371491,28.86041807,49517,49758,12.24545955,26.23061362,19.4,35.4,17.7,8.8,3.2,3.5,4.3,-2.769,"8,923",70.92579505
Virginia,Richmond,2020,2,12,14,VA,17.8,20.2,17.25371491,28.86041807,49517,49758,12.24545955,26.23061362,19.4,35.4,17.7,8.8,3.2,3.5,4.3,12.792,"8,923",24.09381663
Virginia,Richmond,2020,2,12,14,VA,17.8,20.2,17.25371491,28.86041807,49517,49758,12.24545955,26.23061362,19.4,35.4,17.7,8.8,3.2,3.5,4.3,12.792,"8,923",70.92579505
Virginia,Richmond,2020,2,12,14,VA,19.2,27.6,23.23009361,36.97276205,47250,50949,12.70667611,23.0944985,19.4,35.4,17.7,4.9,2.9,3.1,3.6,-2.769,"8,923",24.09381663
Virginia,Richmond,2020,2,12,14,VA,19.2,27.6,23.23009361,36.97276205,47250,50949,12.70667611,23.0944985,19.4,35.4,17.7,4.9,2.9,3.1,3.6,-2.769,"8,923",70.92579505
Virginia,Richmond,2020,2,12,14,VA,19.2,27.6,23.23009361,36.97276205,47250,50949,12.70667611,23.0944985,19.4,35.4,17.7,4.9,2.9,3.1,3.6,12.792,"8,923",24.09381663
Virginia,Richmond,2020,2,12,14,VA,19.2,27.6,23.23009361,36.97276205,47250,50949,12.70667611,23.0944985,19.4,35.4,17.7,4.9,2.9,3.1,3.6,12.792,"8,923",70.92579505
Virginia,Richmond,2020,2,12,14,VA,19.2,27.6,23.23009361,36.97276205,47250,50949,12.70667611,23.0944985,19.4,35.4,17.7,8.8,3.2,3.5,4.3,-2.769,"8,923",24.09381663
Virginia,Richmond,2020,2,12,14,VA,19.2,27.6,23.23009361,36.97276205,47250,50949,12.70667611,23.0944985,19.4,35.4,17.7,8.8,3.2,3.5,4.3,-2.769,"8,923",70.92579505
Virginia,Richmond,2020,2,12,14,VA,19.2,27.6,23.23009361,36.97276205,47250,50949,12.70667611,23.0944985,19.4,35.4,17.7,8.8,3.2,3.5,4.3,12.792,"8,923",24.09381663
Virginia,Richmond,2020,2,12,14,VA,19.2,27.6,23.23009361,36.97276205,47250,50949,12.70667611,23.0944985,19.4,35.4,17.7,8.8,3.2,3.5,4.3,12.792,"8,923",70.92579505
Virginia,Richmond,2021,7,12,19,VA,17.8,20.2,17.25371491,28.86041807,49517,49758,12.24545955,26.23061362,19.4,35.4,17.7,4.9,2.9,3.1,3.6,-2.769,"8,923",24.09381663
Virginia,Richmond,2021,7,12,19,VA,17.8,20.2,17.25371491,28.86041807,49517,49758,12.24545955,26.23061362,19.4,35.4,17.7,4.9,2.9,3.1,3.6,-2.769,"8,923",70.92579505
Virginia,Richmond,2021,7,12,19,VA,17.8,20.2,17.25371491,28.86041807,49517,49758,12.24545955,26.23061362,19.4,35.4,17.7,4.9,2.9,3.1,3.6,12.792,"8,923",24.09381663
Virginia,Richmond,2021,7,12,19,VA,17.8,20.2,17.25371491,28.86041807,49517,49758,12.24545955,26.23061362,19.4,35.4,17.7,4.9,2.9,3.1,3.6,12.792,"8,923",70.92579505
Virginia,Richmond,2021,7,12,19,VA,17.8,20.2,17.25371491,28.86041807,49517,49758,12.24545955,26.23061362,19.4,35.4,17.7,8.8,3.2,3.5,4.3,-2.769,"8,923",24.09381663
Virginia,Richmond,2021,7,12,19,VA,17.8,20.2,17.25371491,28.86041807,49517,49758,12.24545955,26.23061362,19.4,35.4,17.7,8.8,3.2,3.5,4.3,-2.769,"8,923",70.92579505
Virginia,Richmond,2021,7,12,19,VA,17.8,20.2,17.25371491,28.86041807,49517,49758,12.24545955,26.23061362,19.4,35.4,17.7,8.8,3.2,3.5,4.3,12.792,"8,923",24.09381663
Virginia,Richmond,2021,7,12,19,VA,17.8,20.2,17.25371491,28.86041807,49517,49758,12.24545955,26.23061362,19.4,35.4,17.7,8.8,3.2,3.5,4.3,12.792,"8,923",70.92579505
Virginia,Richmond,2021,7,12,19,VA,19.2,27.6,23.23009361,36.97276205,47250,50949,12.70667611,23.0944985,19.4,35.4,17.7,4.9,2.9,3.1,3.6,-2.769,"8,923",24.09381663
Virginia,Richmond,2021,7,12,19,VA,19.2,27.6,23.23009361,36.97276205,47250,50949,12.70667611,23.0944985,19.4,35.4,17.7,4.9,2.9,3.1,3.6,-2.769,"8,923",70.92579505
Virginia,Richmond,2021,7,12,19,VA,19.2,27.6,23.23009361,36.97276205,47250,50949,12.70667611,23.0944985,19.4,35.4,17.7,4.9,2.9,3.1,3.6,12.792,"8,923",24.09381663
Virginia,Richmond,2021,7,12,19,VA,19.2,27.6,23.23009361,36.97276205,47250,50949,12.70667611,23.0944985,19.4,35.4,17.7,4.9,2.9,3.1,3.6,12.792,"8,923",70.92579505
Virginia,Richmond,2021,7,12,19,VA,19.2,27.6,23.23009361,36.97276205,47250,50949,12.70667611,23.0944985,19.4,35.4,17.7,8.8,3.2,3.5,4.3,-2.769,"8,923",24.09381663
Virginia,Richmond,2021,7,12,19,VA,19.2,27.6,23.23009361,36.97276205,47250,50949,12.70667611,23.0944985,19.4,35.4,17.7,8.8,3.2,3.5,4.3,-2.769,"8,923",70.92579505
Virginia,Richmond,2021,7,12,19,VA,19.2,27.6,23.23009361,36.97276205,47250,50949,12.70667611,23.0944985,19.4,35.4,17.7,8.8,3.2,3.5,4.3,12.792,"8,923",24.09381663
Virginia,Richmond,2021,7,12,19,VA,19.2,27.6,23.23009361,36.97276205,47250,50949,12.70667611,23.0944985,19.4,35.4,17.7,8.8,3.2,3.5,4.3,12.792,"8,923",70.92579505
Virginia,Roanoke,2020,0,4,4,VA,6.5,7.8,6.922740684,8.387440128,68948,71742,2.994208283,4.374667376,7.7,25,35.6,5.1,2.4,2.7,3.4,1.932,"96,929",78.44674029
Virginia,Roanoke,2020,0,4,4,VA,6.5,7.8,6.922740684,8.387440128,68948,71742,2.994208283,4.374667376,7.7,25,35.6,5.1,2.4,2.7,3.4,1.932,"96,929",71.67990919
Virginia,Roanoke,2020,0,4,4,VA,6.5,7.8,6.922740684,8.387440128,68948,71742,2.994208283,4.374667376,7.7,25,35.6,5.1,2.4,2.7,3.4,2.505,"96,929",78.44674029
Virginia,Roanoke,2020,0,4,4,VA,6.5,7.8,6.922740684,8.387440128,68948,71742,2.994208283,4.374667376,7.7,25,35.6,5.1,2.4,2.7,3.4,2.505,"96,929",71.67990919
Virginia,Roanoke,2020,0,4,4,VA,6.5,7.8,6.922740684,8.387440128,68948,71742,2.994208283,4.374667376,7.7,25,35.6,7.7,2.9,3.2,4.1,1.932,"96,929",78.44674029
Virginia,Roanoke,2020,0,4,4,VA,6.5,7.8,6.922740684,8.387440128,68948,71742,2.994208283,4.374667376,7.7,25,35.6,7.7,2.9,3.2,4.1,1.932,"96,929",71.67990919
Virginia,Roanoke,2020,0,4,4,VA,6.5,7.8,6.922740684,8.387440128,68948,71742,2.994208283,4.374667376,7.7,25,35.6,7.7,2.9,3.2,4.1,2.505,"96,929",78.44674029
Virginia,Roanoke,2020,0,4,4,VA,6.5,7.8,6.922740684,8.387440128,68948,71742,2.994208283,4.374667376,7.7,25,35.6,7.7,2.9,3.2,4.1,2.505,"96,929",71.67990919
Virginia,Roanoke,2020,0,4,4,VA,19.5,30.5,20.76983858,31.8213866,44230,45534,7.933380538,12.97767333,7.7,25,35.6,5.1,2.4,2.7,3.4,1.932,"96,929",78.44674029
Virginia,Roanoke,2020,0,4,4,VA,19.5,30.5,20.76983858,31.8213866,44230,45534,7.933380538,12.97767333,7.7,25,35.6,5.1,2.4,2.7,3.4,1.932,"96,929",71.67990919
Virginia,Roanoke,2020,0,4,4,VA,19.5,30.5,20.76983858,31.8213866,44230,45534,7.933380538,12.97767333,7.7,25,35.6,5.1,2.4,2.7,3.4,2.505,"96,929",78.44674029
Virginia,Roanoke,2020,0,4,4,VA,19.5,30.5,20.76983858,31.8213866,44230,45534,7.933380538,12.97767333,7.7,25,35.6,5.1,2.4,2.7,3.4,2.505,"96,929",71.67990919
Virginia,Roanoke,2020,0,4,4,VA,19.5,30.5,20.76983858,31.8213866,44230,45534,7.933380538,12.97767333,7.7,25,35.6,7.7,2.9,3.2,4.1,1.932,"96,929",78.44674029
Virginia,Roanoke,2020,0,4,4,VA,19.5,30.5,20.76983858,31.8213866,44230,45534,7.933380538,12.97767333,7.7,25,35.6,7.7,2.9,3.2,4.1,1.932,"96,929",71.67990919
Virginia,Roanoke,2020,0,4,4,VA,19.5,30.5,20.76983858,31.8213866,44230,45534,7.933380538,12.97767333,7.7,25,35.6,7.7,2.9,3.2,4.1,2.505,"96,929",78.44674029
Virginia,Roanoke,2020,0,4,4,VA,19.5,30.5,20.76983858,31.8213866,44230,45534,7.933380538,12.97767333,7.7,25,35.6,7.7,2.9,3.2,4.1,2.505,"96,929",71.67990919
Wisconsin,Kenosha,2021,7,8,15,WI,9.8,12.3,12.30886384,18.26565869,63733,66460,4.996040207,7.248071078,9.9,30.1,26.1,7.1,3.9,3.5,3.9,1.761,"169,151",77.91061247
Wisconsin,Kenosha,2022,1,3,4,WI,9.8,12.3,12.30886384,18.26565869,63733,66460,4.996040207,7.248071078,9.9,30.1,26.1,7.1,3.9,3.5,3.9,1.761,"169,151",77.91061247
Wisconsin,Milwaukee,2018,0,4,4,WI,16.9,24,18.96849667,27.47496579,50606,53505,8.382847588,11.96726176,11.7,28.4,31,8.2,3.9,3.7,4,-0.27,"939,489",73.8103982
Wisconsin,Milwaukee,2019,0,8,8,WI,16.9,24,18.96849667,27.47496579,50606,53505,8.382847588,11.96726176,11.7,28.4,31,8.2,3.9,3.7,4,-0.27,"939,489",73.8103982
Wisconsin,Milwaukee,2020,11,20,31,WI,16.9,24,18.96849667,27.47496579,50606,53505,8.382847588,11.96726176,11.7,28.4,31,8.2,3.9,3.7,4,-0.27,"939,489",73.8103982
Wisconsin,Milwaukee,2021,5,22,27,WI,16.9,24,18.96849667,27.47496579,50606,53505,8.382847588,11.96726176,11.7,28.4,31,8.2,3.9,3.7,4,-0.27,"939,489",73.8103982
Wisconsin,Milwaukee,2022,6,9,15,WI,16.9,24,18.96849667,27.47496579,50606,53505,8.382847588,11.96726176,11.7,28.4,31,8.2,3.9,3.7,4,-0.27,"939,489",73.8103982
Wisconsin,Racine,2020,0,5,5,WI,12.4,16.8,12.42602617,18.47930274,61336,61691,5.526357282,8.923118076,9.5,31.6,25.2,7.3,4,3.6,4,0.463,"197,727",76.0503487
Wisconsin,Racine,2021,0,6,6,WI,12.4,16.8,12.42602617,18.47930274,61336,61691,5.526357282,8.923118076,9.5,31.6,25.2,7.3,4,3.6,4,0.463,"197,727",76.0503487
Wisconsin,Racine,2022,1,5,6,WI,12.4,16.8,12.42602617,18.47930274,61336,61691,5.526357282,8.923118076,9.5,31.6,25.2,7.3,4,3.6,4,0.463,"197,727",76.0503487
